Город;Регион;Федеральный округ;lat;lng
Абаза;Хакасия;Сибирский;52,651657;90,088572
Абакан;Хакасия;Сибирский;53,721152;91,442387
Абдулино;Оренбургская область;Приволжский;53,677839;53,647263
Абинск;Краснодарский край;Южный;44,866256;38,151163
Агидель;Башкортостан;Приволжский;55,899835;53,92204
Агрыз;Татарстан;Приволжский;56,526318;52,995266
Адыгейск;Адыгея;Южный;44,884856;39,190567
Азнакаево;Татарстан;Приволжский;54,859808;53,074533
Азов;Ростовская область;Южный;47,112442;39,423581
Ак-Довурак;Тыва;Сибирский;51,178493;90,598474
Аксай;Ростовская область;Южный;47,269804;39,862615
Алагир;Северная Осетия — Алания;Северо-Кавказский;43,041711;44,219875
Алапаевск;Свердловская область;Уральский;57,853038;61,702672
Алатырь;Чувашия;Приволжский;54,839816;46,572195
Алдан;Якутия;Дальневосточный;58,609451;125,381673
Алейск;Алтайский край;Сибирский;52,492167;82,779448
Александров;Владимирская область;Центральный;56,397774;38,727621
Александровск;Пермский край;Приволжский;59,162925;57,584669
Александровск-Сахалинский;Сахалинская область;Дальневосточный;50,894564;142,1594
Алексеевка;Белгородская область;Центральный;50,629961;38,688095
Алексин;Тульская область;Центральный;54,502429;37,066034
Алзамай;Иркутская область;Сибирский;55,555072;98,664357
Альметьевск;Татарстан;Приволжский;54,901383;52,297113
Амурск;Хабаровский край;Дальневосточный;50,226797;136,910607
Анадырь;Чукотский АО;Дальневосточный;64,733115;177,508924
Анапа;Краснодарский край;Южный;44,894965;37,31617
Ангарск;Иркутская область;Сибирский;52,544358;103,88824
Андреаполь;Тверская область;Центральный;56,65079;32,262023
Анжеро-Судженск;Кемеровская область;Сибирский;56,083175;86,018216
Анива;Сахалинская область;Дальневосточный;46,713168;142,526595
Апатиты;Мурманская область;Северо-Западный;67,568041;33,407115
Апрелевка;Московская область;Центральный;55,545166;37,07322
Апшеронск;Краснодарский край;Южный;44,468327;39,736707
Аргун;Чечня;Северо-Кавказский;56,694538;60,834315
Ардатов;Мордовия;Приволжский;54,84656;46,241183
Ардон;Северная Осетия — Алания;Северо-Кавказский;43,175598;44,295621
Арзамас;Нижегородская область;Приволжский;55,386666;43,815687
Аркадак;Саратовская область;Приволжский;51,938814;43,499849
Армавир;Краснодарский край;Южный;44,997655;41,129644
Арсеньев;Приморский край;Дальневосточный;44,162084;133,269726
Арск;Татарстан;Приволжский;56,091311;49,876989
Артём;Приморский край;Дальневосточный;43,354804;132,18563
Артёмовск;Красноярский край;Сибирский;54,347336;93,435749
Артёмовский;Свердловская область;Уральский;57,338402;61,894651
Архангельск;Архангельская область;Северо-Западный;64,539393;40,516939
Асбест;Свердловская область;Уральский;57,005274;61,458114
Асино;Томская область;Сибирский;56,997514;86,153906
Астрахань;Астраханская область;Южный;46,347869;48,033574
Аткарск;Саратовская область;Приволжский;51,873632;45,000296
Ахтубинск;Астраханская область;Южный;48,284884;46,164413
Ачинск;Красноярский край;Сибирский;56,269496;90,495231
Аша;Челябинская область;Уральский;54,990628;57,278469
Бабаево;Вологодская область;Северо-Западный;59,389227;35,937759
Бабушкин;Бурятия;Сибирский;51,715833;105,864363
Бавлы;Татарстан;Приволжский;54,406333;53,245896
Багратионовск;Калининградская область;Северо-Западный;54,386509;20,639638
Байкальск;Иркутская область;Сибирский;51,522821;104,149928
Баймак;Башкортостан;Приволжский;52,591257;58,311199
Бакал;Челябинская область;Уральский;54,938064;58,809171
Баксан;Кабардино-Балкария;Северо-Кавказский;43,681939;43,534613
Балабаново;Калужская область;Центральный;55,177396;36,65677
Балаково;Саратовская область;Приволжский;52,018424;47,819667
Балахна;Нижегородская область;Приволжский;56,504556;43,602005
Балашиха;Московская область;Центральный;55,796339;37,938199
Балашов;Саратовская область;Приволжский;51,554601;43,146469
Балей;Забайкальский край;Сибирский;51,582284;116,637948
Балтийск;Калининградская область;Северо-Западный;54,644072;19,892177
Барабинск;Новосибирская область;Сибирский;55,350412;78,341923
Барнаул;Алтайский край;Сибирский;53,346785;83,776856
Барыш;Ульяновская область;Приволжский;53,653468;47,118029
Батайск;Ростовская область;Южный;47,138333;39,744469
БахчисарайОспаривается;Крым;Южный;44,754887;33,85214
Бежецк;Тверская область;Центральный;57,78567;36,693871
БелаяКалитва;Ростовская область;Южный;57,78567;36,693871
БелаяХолуница;Кировская область;Приволжский;57,78567;36,693871
Белгород;Белгородская область;Центральный;50,59566;36,587223
Белебей;Башкортостан;Приволжский;54,103441;54,111279
Белёв;Тульская область;Центральный;53,809934;36,130097
Белинский;Пензенская область;Приволжский;52,96562;43,408679
Белово;Кемеровская область;Сибирский;54,422114;86,303692
Белогорск;Амурская область;Дальневосточный;50,921287;128,473917
Белозерск;Вологодская область;Северо-Западный;60,030843;37,789016
Белокуриха;Алтайский край;Сибирский;51,99606;84,984004
Беломорск;Карелия;Северо-Западный;64,53032;34,763328
Белорецк;Башкортостан;Приволжский;53,967621;58,410023
Белореченск;Краснодарский край;Южный;44,761141;39,87114
Белоусово;Калужская область;Центральный;55,089516;36,657812
Белоярский;Ханты-Мансийский АО — Югра;Уральский;63,716043;66,667588
Белый;Тверская область;Центральный;55,83385;32,938805
Бердск;Новосибирская область;Сибирский;54,758288;83,107135
Березники;Пермский край;Приволжский;59,407922;56,804015
Берёзовский;Кемеровская область;Сибирский;56,910173;60,798203
Берёзовский;Свердловская область;Уральский;56,910173;60,798203
Беслан;Северная Осетия — Алания;Северо-Кавказский;43,19376;44,533792
Бийск;Алтайский край;Сибирский;52,539297;85,21382
Бикин;Хабаровский край;Дальневосточный;46,818592;134,255034
Билибино;Чукотский АО;Дальневосточный;68,057129;166,451139
Биробиджан;Еврейская АО;Дальневосточный;48,794668;132,921754
Бирск;Башкортостан;Приволжский;55,417531;55,530707
Бирюсинск;Иркутская область;Сибирский;55,960876;97,820453
Бирюч;Белгородская область;Центральный;50,648389;38,400553
Благовещенск;Башкортостан;Приволжский;50,28702;127,541025
Благовещенск;Амурская область;Дальневосточный;50,28702;127,541025
Благодарный;Ставропольский край;Северо-Кавказский;45,095649;43,440021
Бобров;Воронежская область;Центральный;51,097718;40,035604
Богданович;Свердловская область;Уральский;56,776502;62,046295
Богородицк;Тульская область;Центральный;53,770694;38,131687
Богородск;Нижегородская область;Приволжский;56,103362;43,516755
Боготол;Красноярский край;Сибирский;56,210117;89,531258
Богучар;Воронежская область;Центральный;49,935512;40,559079
Бокситогорск;Ленинградская область;Северо-Западный;59,473572;33,847675
Болгар;Татарстан;Приволжский;57,852118;114,198968
Бологое;Тверская область;Центральный;57,885626;34,053776
Болотное;Новосибирская область;Сибирский;55,672001;84,385447
Болохово;Тульская область;Центральный;54,082107;37,82679
Болхов;Орловская область;Центральный;53,443097;36,005087
БольшойКамень;Приморский край;Дальневосточный;53,443097;36,005087
Бор;Нижегородская область;Приволжский;56,356517;44,064575
Борзя;Забайкальский край;Сибирский;50,387629;116,523485
Борисоглебск;Воронежская область;Центральный;51,367725;42,074977
Боровичи;Новгородская область;Северо-Западный;58,388219;33,914025
Боровск;Калужская область;Центральный;55,207634;36,483584
Бородино;Красноярский край;Сибирский;55,905442;94,902177
Братск;Иркутская область;Сибирский;56,151362;101,63408
Бронницы;Московская область;Центральный;55,425471;38,264108
Брянск;Брянская область;Центральный;53,243562;34,363443
Бугульма;Татарстан;Приволжский;54,536413;52,789489
Бугуруслан;Оренбургская область;Приволжский;53,6523;52,432606
Будённовск;Ставропольский край;Северо-Кавказский;44,781528;44,165024
Бузулук;Оренбургская область;Приволжский;52,788116;52,262438
Буинск;Татарстан;Приволжский;54,964153;48,290142
Буй;Костромская область;Центральный;58,481719;41,533113
Буйнакск;Дагестан;Северо-Кавказский;42,821749;47,115927
Бутурлиновка;Воронежская область;Центральный;50,835367;40,584825
Валдай;Новгородская область;Северо-Западный;57,980199;33,246667
Валуйки;Белгородская область;Центральный;50,211194;38,099914
Велиж;Смоленская область;Центральный;55,603969;31,197214
ВеликиеЛуки;Псковская область;Северо-Западный;55,603969;31,197214
ВеликийНовгород;Новгородская область;Северо-Западный;55,603969;31,197214
ВеликийУстюг;Вологодская область;Северо-Западный;55,603969;31,197214
Вельск;Архангельская область;Северо-Западный;61,065915;42,10331
Венёв;Тульская область;Центральный;54,350369;38,265527
Верещагино;Пермский край;Приволжский;58,079761;54,658083
Верея;Московская область;Центральный;55,343369;36,185694
Верхнеуральск;Челябинская область;Уральский;53,876143;59,216953
ВерхнийТагил;Свердловская область;Уральский;53,876143;59,216953
ВерхнийУфалей;Челябинская область;Уральский;53,876143;59,216953
ВерхняяПышма;Свердловская область;Уральский;53,876143;59,216953
ВерхняяСалда;Свердловская область;Уральский;53,876143;59,216953
ВерхняяТура;Свердловская область;Уральский;53,876143;59,216953
Верхотурье;Свердловская область;Уральский;58,862216;60,810213
Верхоянск;Якутия;Дальневосточный;67,550161;133,390702
Весьегонск;Тверская область;Центральный;58,658355;37,259019
Ветлуга;Нижегородская область;Приволжский;57,852885;45,776099
Видное;Московская область;Центральный;55,557174;37,708644
Вилюйск;Якутия;Дальневосточный;63,751722;121,627326
Вилючинск;Камчатский край;Дальневосточный;52,906857;158,418296
Вихоревка;Иркутская область;Сибирский;56,120718;101,170396
Вичуга;Ивановская область;Центральный;57,217138;41,918149
Владивосток;Приморский край;Дальневосточный;43,115536;131,885485
Владикавказ;Северная Осетия — Алания;Северо-Кавказский;43,02115;44,68196
Владимир;Владимирская область;Центральный;56,129057;40,406635
Волгоград;Волгоградская область;Южный;48,707073;44,51693
Волгодонск;Ростовская область;Южный;47,516545;42,198423
Волгореченск;Костромская область;Центральный;57,439464;41,157456
Волжск;Марий Эл;Приволжский;55,862267;48,372041
Волжский;Волгоградская область;Южный;56,053804;48,555271
Вологда;Вологодская область;Северо-Западный;59,220496;39,891523
Володарск;Нижегородская область;Приволжский;56,21695;43,159729
Волоколамск;Московская область;Центральный;56,035728;35,958537
Волосово;Ленинградская область;Северо-Западный;59,447275;29,48481
Волхов;Ленинградская область;Северо-Западный;59,916744;32,331544
Волчанск;Свердловская область;Уральский;59,934934;60,078796
Вольск;Саратовская область;Приволжский;52,045978;47,38729
Воркута;Коми;Северо-Западный;67,49741;64,061091
Воронеж;Воронежская область;Центральный;51,660781;39,200269
Ворсма;Нижегородская область;Приволжский;55,98999;43,271955
Воскресенск;Московская область;Центральный;55,322978;38,673353
Воткинск;Удмуртия;Приволжский;57,051806;53,987392
Всеволожск;Ленинградская область;Северо-Западный;60,021317;30,654084
Вуктыл;Коми;Северо-Западный;63,844407;57,29984
Выборг;Ленинградская область;Северо-Западный;60,710232;28,749404
Выкса;Нижегородская область;Приволжский;55,320683;42,167961
Высоковск;Московская область;Центральный;56,320243;36,551236
Высоцк;Ленинградская область;Северо-Западный;60,625264;28,568016
Вытегра;Вологодская область;Северо-Западный;61,006355;36,449511
ВышнийВолочёк;Тверская область;Центральный;61,006355;36,449511
Вяземский;Хабаровский край;Дальневосточный;47,535352;134,755297
Вязники;Владимирская область;Центральный;56,247021;42,158862
Вязьма;Смоленская область;Центральный;55,205944;34,298037
ВятскиеПоляны;Кировская область;Приволжский;55,205944;34,298037
ГавриловПосад;Ивановская область;Центральный;55,205944;34,298037
Гаврилов-Ям;Ярославская область;Центральный;57,303309;39,849086
Гаджиево;Мурманская область;Северо-Западный;69,249049;33,315262
Галич;Костромская область;Центральный;58,381199;42,34749
Гатчина;Ленинградская область;Северо-Западный;59,568456;30,124473
Гвардейск;Калининградская область;Северо-Западный;54,647708;21,071341
Гдов;Псковская область;Северо-Западный;58,744393;27,819585
Геленджик;Краснодарский край;Южный;44,561141;38,076809
Георгиевск;Ставропольский край;Северо-Кавказский;44,148599;43,473896
Глазов;Удмуртия;Приволжский;58,14081;52,674235
Голицыно;Московская область;Центральный;55,615944;36,987117
Горбатов;Нижегородская область;Приволжский;56,130869;43,062701
Горно-Алтайск;Алтай;Сибирский;51,958182;85,960373
Горнозаводск;Пермский край;Приволжский;58,374682;58,330917
Горняк;Алтайский край;Сибирский;50,997775;81,464198
Городец;Нижегородская область;Приволжский;56,644822;43,472351
Городище;Пензенская область;Приволжский;53,272758;45,70267
Городовиковск;Калмыкия;Южный;46,083105;41,936052
Гороховец;Владимирская область;Центральный;56,201695;42,691194
ГорячийКлюч;Краснодарский край;Южный;56,201695;42,691194
Грайворон;Белгородская область;Центральный;50,486223;35,666351
Гремячинск;Пермский край;Приволжский;58,562599;57,852034
Грозный;Чечня;Северо-Кавказский;43,317776;45,694909
Грязи;Липецкая область;Центральный;52,496186;39,95533
Грязовец;Вологодская область;Северо-Западный;58,875793;40,248423
Губаха;Пермский край;Приволжский;58,837018;57,554575
Губкин;Белгородская область;Центральный;51,283644;37,534748
Губкинский;Ямало-Ненецкий АО;Уральский;51,18651;37,380687
Гудермес;Чечня;Северо-Кавказский;43,35188;46,103535
Гуково;Ростовская область;Южный;48,058442;39,940274
Гулькевичи;Краснодарский край;Южный;45,360342;40,695227
Гурьевск;Калининградская область;Северо-Западный;54,285935;85,947635
Гурьевск;Кемеровская область;Сибирский;54,285935;85,947635
Гусев;Калининградская область;Северо-Западный;54,591841;22,201117
Гусиноозёрск;Бурятия;Сибирский;51,285526;106,529323
Гусь-Хрустальный;Владимирская область;Центральный;55,619818;40,657902
Давлеканово;Башкортостан;Приволжский;54,222727;55,03127
ДагестанскиеОгни;Дагестан;Северо-Кавказский;54,222727;55,03127
Далматово;Курганская область;Уральский;56,258608;62,939311
Дальнегорск;Приморский край;Дальневосточный;44,554018;135,566179
Дальнереченск;Приморский край;Дальневосточный;45,93085;133,731738
Данилов;Ярославская область;Центральный;58,187861;40,174815
Данков;Липецкая область;Центральный;53,246197;39,134414
Дегтярск;Свердловская область;Уральский;56,698463;60,086674
Дедовск;Московская область;Центральный;55,859984;37,120669
Демидов;Смоленская область;Центральный;55,26444;31,515011
Дербент;Дагестан;Северо-Кавказский;42,057669;48,288776
Десногорск;Смоленская область;Центральный;54,152366;33,287872
Дзержинск;Нижегородская область;Приволжский;56,238377;43,461625
Дзержинский;Московская область;Центральный;55,630939;37,849616
Дивногорск;Красноярский край;Сибирский;55,957721;92,380148
Дигора;Северная Осетия — Алания;Северо-Кавказский;43,156732;44,155035
Димитровград;Ульяновская область;Приволжский;54,217715;49,621984
Дмитриев;Курская область;Центральный;52,127774;35,080353
Дмитров;Московская область;Центральный;56,343942;37,520348
Дмитровск;Орловская область;Центральный;52,505434;35,14151
Дно;Псковская область;Северо-Западный;57,826914;29,962992
Добрянка;Пермский край;Приволжский;58,468063;56,403986
Долгопрудный;Московская область;Центральный;55,933564;37,514104
Долинск;Сахалинская область;Дальневосточный;47,32624;142,79344
Донецк;Ростовская область;Южный;48,015877;37,80285
Донской;Тульская область;Центральный;47,992758;37,915058
Дорогобуж;Смоленская область;Центральный;54,912677;33,297035
Дрезна;Московская область;Центральный;55,741404;38,842371
Дубна;Московская область;Центральный;56,744002;37,173176
Дубовка;Волгоградская область;Южный;49,055369;44,826957
Дудинка;Красноярский край;Сибирский;69,403081;86,190854
Духовщина;Смоленская область;Центральный;55,191351;32,414171
Дюртюли;Башкортостан;Приволжский;55,48529;54,873463
Егорьевск;Московская область;Центральный;55,38305;39,035833
Ейск;Краснодарский край;Южный;46,711524;38,276451
Екатеринбург;Свердловская область;Уральский;56,838011;60,597465
Елабуга;Татарстан;Приволжский;55,75667;52,05446
Елец;Липецкая область;Центральный;52,62419;38,503653
Елизово;Камчатский край;Дальневосточный;53,183053;158,388355
Ельня;Смоленская область;Центральный;54,575906;33,182734
Еманжелинск;Челябинская область;Уральский;54,752147;61,317223
Емва;Коми;Северо-Западный;62,598375;50,886569
Енисейск;Красноярский край;Сибирский;58,453069;92,173769
Ермолино;Калужская область;Центральный;55,197204;36,5952
Ершов;Саратовская область;Приволжский;51,352068;48,283494
Ессентуки;Ставропольский край;Северо-Кавказский;44,044526;42,85891
Железноводск;Ставропольский край;Северо-Кавказский;44,132058;43,030533
Железногорск;Красноярский край;Сибирский;52,337971;35,351743
Железногорск;Курская область;Центральный;52,337971;35,351743
Железногорск-Илимский;Иркутская область;Сибирский;56,584843;104,114283
Жердевка;Тамбовская область;Центральный;51,842282;41,461796
Жигулёвск;Самарская область;Приволжский;53,401714;49,494657
Жиздра;Калужская область;Центральный;53,749114;34,734447
Жирновск;Волгоградская область;Южный;50,978713;44,778834
Жуков;Калужская область;Центральный;55,03167;36,746503
Жуковка;Брянская область;Центральный;53,533062;33,732547
Жуковский;Московская область;Центральный;53,498298;33,774598
Завитинск;Амурская область;Дальневосточный;50,106518;129,439309
Заводоуковск;Тюменская область;Уральский;56,508808;66,539174
Заволжск;Ивановская область;Центральный;57,491737;42,137491
Заволжье;Нижегородская область;Приволжский;56,640441;43,387164
Задонск;Липецкая область;Центральный;52,391972;38,919456
Заинск;Татарстан;Приволжский;55,298984;52,006391
Закаменск;Бурятия;Сибирский;50,372602;103,286764
Заозёрный;Красноярский край;Сибирский;55,961818;94,709228
Заозёрск;Мурманская область;Северо-Западный;69,400373;32,450139
ЗападнаяДвина;Тверская область;Центральный;69,400373;32,450139
Заполярный;Мурманская область;Северо-Западный;69,426103;30,820739
Зарайск;Московская область;Центральный;54,756973;38,874845
Заречный;Пензенская область;Приволжский;53,19611;45,169071
Заречный;Свердловская область;Уральский;53,19611;45,169071
Заринск;Алтайский край;Сибирский;53,706332;84,931488
Звенигово;Марий Эл;Приволжский;55,972312;48,01532
Звенигород;Московская область;Центральный;55,729686;36,855325
Зверево;Ростовская область;Южный;55,499999;36,926211
Зеленогорск;Красноярский край;Сибирский;56,113246;94,589006
Зеленоградск;Калининградская область;Северо-Западный;54,95993;20,475354
Зеленодольск;Татарстан;Приволжский;55,846906;48,500617
Зеленокумск;Ставропольский край;Северо-Кавказский;44,403288;43,884148
Зерноград;Ростовская область;Южный;46,849564;40,312815
Зея;Амурская область;Дальневосточный;53,734033;127,265889
Зима;Иркутская область;Сибирский;53,92072;102,049065
Златоуст;Челябинская область;Уральский;55,172871;59,671841
Злынка;Брянская область;Центральный;52,427384;31,737075
Змеиногорск;Алтайский край;Сибирский;51,158015;82,18727
Знаменск;Астраханская область;Южный;48,586634;45,736744
Зубцов;Тверская область;Центральный;56,176143;34,58256
Зуевка;Кировская область;Приволжский;58,403217;51,133426
Ивангород;Ленинградская область;Северо-Западный;59,376655;28,223117
Иваново;Ивановская область;Центральный;57,000348;40,973921
Ивантеевка;Московская область;Центральный;55,971718;37,924338
Ивдель;Свердловская область;Уральский;60,697349;60,41729
Игарка;Красноярский край;Сибирский;67,466954;86,567715
Ижевск;Удмуртия;Приволжский;56,852593;53,204843
Избербаш;Дагестан;Северо-Кавказский;42,565141;47,871078
Изобильный;Ставропольский край;Северо-Кавказский;45,368536;41,708644
Иланский;Красноярский край;Сибирский;56,238552;96,065297
Инза;Ульяновская область;Приволжский;53,857035;46,351649
Иннополис;Татарстан;Приволжский;55,75208;48,744609
Инсар;Мордовия;Приволжский;53,866508;44,372248
Инта;Коми;Северо-Западный;66,03682;60,115367
Ипатово;Ставропольский край;Северо-Кавказский;45,717419;42,911147
Ирбит;Свердловская область;Уральский;57,683819;63,057664
Иркутск;Иркутская область;Сибирский;52,287054;104,281047
Исилькуль;Омская область;Сибирский;54,911844;71,266945
Искитим;Новосибирская область;Сибирский;54,642582;83,306382
Истра;Московская область;Центральный;55,914287;36,860284
Ишим;Тюменская область;Уральский;56,11055;69,479639
Ишимбай;Башкортостан;Приволжский;53,454621;56,04395
Йошкар-Ола;Марий Эл;Приволжский;56,630842;47,886089
Кадников;Вологодская область;Северо-Западный;59,503767;40,34404
Казань;Татарстан;Приволжский;55,796289;49,108795
Калач;Воронежская область;Центральный;50,424119;41,01624
Калач-на-Дону;Волгоградская область;Южный;48,681995;43,538234
Калачинск;Омская область;Сибирский;55,052608;74,581782
Калининград;Калининградская область;Северо-Западный;54,70739;20,507307
Калининск;Саратовская область;Приволжский;51,499671;44,48548
Калтан;Кемеровская область;Сибирский;53,521083;87,27716
Калуга;Калужская область;Центральный;54,513845;36,261215
Калязин;Тверская область;Центральный;57,240412;37,855078
Камбарка;Удмуртия;Приволжский;56,266057;54,193358
Каменка;Пензенская область;Приволжский;53,185524;44,046896
Каменногорск;Ленинградская область;Северо-Западный;60,95081;29,130882
Каменск-Уральский;Свердловская область;Уральский;56,414927;61,918708
Каменск-Шахтинский;Ростовская область;Южный;48,320515;40,268923
Камень-на-Оби;Алтайский край;Сибирский;53,791486;81,354558
Камешково;Владимирская область;Центральный;56,348916;40,995588
Камызяк;Астраханская область;Южный;46,110571;48,073235
Камышин;Волгоградская область;Южный;50,083698;45,407367
Камышлов;Свердловская область;Уральский;56,846578;62,712288
Канаш;Чувашия;Приволжский;55,506943;47,491764
Кандалакша;Мурманская область;Северо-Западный;67,151252;32,412823
Канск;Красноярский край;Сибирский;56,205045;95,705055
Карабаново;Владимирская область;Центральный;56,313269;38,703438
Карабаш;Челябинская область;Уральский;55,490789;60,203042
Карабулак;Ингушетия;Северо-Кавказский;43,305594;44,909404
Карасук;Новосибирская область;Сибирский;53,734294;78,042389
Карачаевск;Карачаево-Черкесия;Северо-Кавказский;43,773167;41,914313
Карачев;Брянская область;Центральный;53,121594;34,982796
Каргат;Новосибирская область;Сибирский;55,194476;80,283039
Каргополь;Архангельская область;Северо-Западный;61,505339;38,948166
Карпинск;Свердловская область;Уральский;59,766534;60,001227
Карталы;Челябинская область;Уральский;53,053681;60,647753
Касимов;Рязанская область;Центральный;54,937288;41,391368
Касли;Челябинская область;Уральский;55,893652;60,765918
Каспийск;Дагестан;Северо-Кавказский;42,890833;47,635674
Катав-Ивановск;Челябинская область;Уральский;54,752074;58,198443
Катайск;Курганская область;Уральский;56,283235;62,58365
Качканар;Свердловская область;Уральский;58,70511;59,483959
Кашин;Тверская область;Центральный;57,358381;37,61344
Кашира;Московская область;Центральный;54,834589;38,15154
Кедровый;Томская область;Сибирский;57,560963;79,566965
Кемерово;Кемеровская область;Сибирский;55,354727;86,088374
Кемь;Карелия;Северо-Западный;64,955532;34,598371
КерчьОспаривается;Крым;Южный;45,356219;36,467378
Кизел;Пермский край;Приволжский;59,049425;57,653875
Кизилюрт;Дагестан;Северо-Кавказский;43,204637;46,866878
Кизляр;Дагестан;Северо-Кавказский;43,84738;46,711685
Кимовск;Тульская область;Центральный;53,972149;38,533063
Кимры;Тверская область;Центральный;56,873338;37,355678
Кингисепп;Ленинградская область;Северо-Западный;59,374028;28,611297
Кинель;Самарская область;Приволжский;53,221004;50,634394
Кинешма;Ивановская область;Центральный;57,442544;42,168923
Киреевск;Тульская область;Центральный;53,934944;37,928542
Киренск;Иркутская область;Сибирский;57,775723;108,110816
Киржач;Владимирская область;Центральный;56,161709;38,872052
Кириллов;Вологодская область;Северо-Западный;59,859059;38,374933
Кириши;Ленинградская область;Северо-Западный;59,449695;32,008707
Киров;Калужская область;Центральный;58,603581;49,667978
Киров;Кировская область;Приволжский;58,603581;49,667978
Кировград;Свердловская область;Уральский;57,432415;60,062896
Кирово-Чепецк;Кировская область;Приволжский;58,556581;50,043932
Кировск;Ленинградская область;Северо-Западный;67,612101;33,668165
Кировск;Мурманская область;Северо-Западный;67,612101;33,668165
Кирс;Кировская область;Приволжский;59,339987;52,241516
Кирсанов;Тамбовская область;Центральный;52,650646;42,728663
Киселёвск;Кемеровская область;Сибирский;54,006025;86,636679
Кисловодск;Ставропольский край;Северо-Кавказский;43,905225;42,716796
Клин;Московская область;Центральный;56,331693;36,728716
Клинцы;Брянская область;Центральный;52,753143;32,233852
Княгинино;Нижегородская область;Приволжский;55,820566;45,032249
Ковдор;Мурманская область;Северо-Западный;67,562914;30,474025
Ковылкино;Мордовия;Приволжский;54,039201;43,919056
Когалым;Ханты-Мансийский АО — Югра;Уральский;62,264069;74,482761
Кодинск;Красноярский край;Сибирский;58,603398;99,179748
Козельск;Калужская область;Центральный;54,034823;35,78226
Козловка;Чувашия;Приволжский;55,840386;48,245127
Козьмодемьянск;Марий Эл;Приволжский;56,344167;46,568107
Кола;Мурманская область;Северо-Западный;68,878636;33,026247
Кологрив;Костромская область;Центральный;58,826929;44,318762
Коломна;Московская область;Центральный;55,103152;38,752917
Колпашево;Томская область;Сибирский;58,311384;82,902679
Кольчугино;Владимирская область;Центральный;56,293901;39,376042
Коммунар;Ленинградская область;Северо-Западный;59,621609;30,393483
Комсомольск;Ивановская область;Центральный;57,027394;40,37761
Комсомольск-на-Амуре;Хабаровский край;Дальневосточный;50,549923;137,007948
Конаково;Тверская область;Центральный;56,713217;36,779309
Кондопога;Карелия;Северо-Западный;62,20475;34,272758
Кондрово;Калужская область;Центральный;54,80743;35,926647
Константиновск;Ростовская область;Южный;47,577341;41,096694
Копейск;Челябинская область;Уральский;55,116732;61,61797
Кораблино;Рязанская область;Центральный;53,926812;40,034463
Кореновск;Краснодарский край;Южный;45,462742;39,448033
Коркино;Челябинская область;Уральский;54,892493;61,393049
Королёв;Московская область;Центральный;55,922212;37,854629
Короча;Белгородская область;Центральный;50,811036;37,194942
Корсаков;Сахалинская область;Дальневосточный;46,63498;142,78257
Коряжма;Архангельская область;Северо-Западный;61,315335;47,159855
Костерёво;Владимирская область;Центральный;55,933701;39,624732
Костомукша;Карелия;Северо-Западный;64,588014;30,598361
Кострома;Костромская область;Центральный;57,767961;40,926858
Котельники;Московская область;Центральный;55,65984;37,863199
Котельниково;Волгоградская область;Южный;47,631528;43,142625
Котельнич;Кировская область;Приволжский;58,303426;48,347508
Котлас;Архангельская область;Северо-Западный;61,25297;46,633217
Котово;Волгоградская область;Южный;50,322058;44,801319
Котовск;Тамбовская область;Центральный;52,59292;41,50575
Кохма;Ивановская область;Центральный;56,932531;41,093208
Красавино;Вологодская область;Северо-Западный;60,961377;46,481474
Красноармейск;Московская область;Центральный;56,120959;38,14094
Красноармейск;Саратовская область;Приволжский;56,120959;38,14094
Красновишерск;Пермский край;Приволжский;60,412821;57,083301
Красногорск;Московская область;Центральный;55,831099;37,330192
Краснодар;Краснодарский край;Южный;45,03547;38,975313
Краснозаводск;Московская область;Центральный;56,439338;38,245261
Краснознаменск;Калининградская область;Северо-Западный;55,600506;37,042489
Краснознаменск;Московская область;Центральный;55,600506;37,042489
Краснокаменск;Забайкальский край;Сибирский;50,09372;118,033256
Краснокамск;Пермский край;Приволжский;58,078357;55,736376
Краснослободск;Волгоградская область;Южный;54,424901;43,784435
Краснослободск;Мордовия;Приволжский;54,424901;43,784435
Краснотурьинск;Свердловская область;Уральский;59,763761;60,193493
Красноуральск;Свердловская область;Уральский;58,35369;60,055961
Красноуфимск;Свердловская область;Уральский;56,617744;57,770692
Красноярск;Красноярский край;Сибирский;56,010563;92,852572
КрасныйКут;Саратовская область;Приволжский;56,010563;92,852572
КрасныйСулин;Ростовская область;Южный;56,010563;92,852572
КрасныйХолм;Тверская область;Центральный;56,010563;92,852572
Кремёнки;Калужская область;Центральный;54,887036;37,116232
Кропоткин;Краснодарский край;Южный;45,434686;40,575994
Крымск;Краснодарский край;Южный;44,934986;37,986196
Кстово;Нижегородская область;Приволжский;56,15067;44,206751
Кубинка;Московская область;Центральный;55,575556;36,695209
Кувандык;Оренбургская область;Приволжский;51,478483;57,361168
Кувшиново;Тверская область;Центральный;57,028957;34,165877
Кудрово;Ленинградская область;Северо-Западный;59,908489;30,513569
Кудымкар;Пермский край;Приволжский;59,014548;54,664183
Кузнецк;Пензенская область;Приволжский;53,119335;46,601165
Куйбышев;Новосибирская область;Сибирский;53,195538;50,101783
Кукмор;Татарстан;Приволжский;56,186599;50,893981
Кулебаки;Нижегородская область;Приволжский;55,429716;42,512483
Кумертау;Башкортостан;Приволжский;52,756523;55,796976
Кунгур;Пермский край;Приволжский;57,42881;56,944206
Купино;Новосибирская область;Сибирский;54,366046;77,297254
Курган;Курганская область;Уральский;55,441004;65,341118
Курганинск;Краснодарский край;Южный;44,887641;40,591364
Курильск;Сахалинская область;Дальневосточный;45,225174;147,883761
Курлово;Владимирская область;Центральный;55,454968;40,611208
Куровское;Московская область;Центральный;55,579144;38,920866
Курск;Курская область;Центральный;51,730361;36,192647
Куртамыш;Курганская область;Уральский;54,912459;64,433505
Курчалой;Чечня;Северо-Кавказский;43,20463;46,088955
Курчатов;Курская область;Центральный;51,660496;35,657143
Куса;Челябинская область;Уральский;55,338597;59,438603
Кушва;Свердловская область;Уральский;58,282566;59,764682
Кызыл;Тыва;Сибирский;51,719086;94,437757
Кыштым;Челябинская область;Уральский;55,707877;60,538949
Кяхта;Бурятия;Сибирский;50,355214;106,449903
Лабинск;Краснодарский край;Южный;44,635387;40,724459
Лабытнанги;Ямало-Ненецкий АО;Уральский;66,660595;66,383963
Лагань;Калмыкия;Южный;45,392947;47,355202
Ладушкин;Калининградская область;Северо-Западный;54,569116;20,172954
Лаишево;Татарстан;Приволжский;55,402449;49,543328
Лакинск;Владимирская область;Центральный;56,018001;39,956525
Лангепас;Ханты-Мансийский АО — Югра;Уральский;61,253701;75,180725
Лахденпохья;Карелия;Северо-Западный;61,518857;30,199491
Лебедянь;Липецкая область;Центральный;53,020489;39,13135
Лениногорск;Татарстан;Приволжский;54,599028;52,442667
Ленинск;Волгоградская область;Южный;48,693682;45,199228
Ленинск-Кузнецкий;Кемеровская область;Сибирский;54,663609;86,162243
Ленск;Якутия;Дальневосточный;60,713731;114,911844
Лермонтов;Ставропольский край;Северо-Кавказский;44,105344;42,973175
Лесозаводск;Приморский край;Дальневосточный;45,477955;133,418594
Лесосибирск;Красноярский край;Сибирский;58,221728;92,503657
Ливны;Орловская область;Центральный;52,426549;37,608041
Ликино-Дулёво;Московская область;Центральный;55,707786;38,957742
Липецк;Липецкая область;Центральный;52,60882;39,59922
Липки;Тульская область;Центральный;53,94175;37,701915
Лиски;Воронежская область;Центральный;50,987298;39,497099
Лихославль;Тверская область;Центральный;57,122219;35,466808
Лобня;Московская область;Центральный;56,012269;37,474821
ЛодейноеПоле;Ленинградская область;Северо-Западный;56,012269;37,474821
Лосино-Петровский;Московская область;Центральный;55,87137;38,200606
Луга;Ленинградская область;Северо-Западный;58,735221;29,847999
Луза;Кировская область;Приволжский;60,629099;47,261229
Лукоянов;Нижегородская область;Приволжский;55,032697;44,493349
Луховицы;Московская область;Центральный;54,965217;39,025394
Лысково;Нижегородская область;Приволжский;56,021357;45,040962
Лысьва;Пермский край;Приволжский;58,100413;57,811655
Лыткарино;Московская область;Центральный;55,579297;37,908986
Льгов;Курская область;Центральный;51,656942;35,259432
Любань;Ленинградская область;Северо-Западный;52,798914;27,993481
Люберцы;Московская область;Центральный;55,676494;37,898116
Любим;Ярославская область;Центральный;58,362004;40,686873
Людиново;Калужская область;Центральный;53,864607;34,447678
Лянтор;Ханты-Мансийский АО — Югра;Уральский;61,620663;72,155352
Магадан;Магаданская область;Дальневосточный;59,568164;150,808541
Магас;Ингушетия;Северо-Кавказский;43,171501;44,81624
Магнитогорск;Челябинская область;Уральский;53,407158;58,980282
Майкоп;Адыгея;Южный;44,608865;40,098548
Майский;Кабардино-Балкария;Северо-Кавказский;44,605753;40,093069
Макаров;Сахалинская область;Дальневосточный;48,625101;142,778851
Макарьев;Костромская область;Центральный;57,880009;43,807836
Макушино;Курганская область;Уральский;55,205024;67,248601
МалаяВишера;Новгородская область;Северо-Западный;55,205024;67,248601
Малгобек;Ингушетия;Северо-Кавказский;43,509645;44,590188
Малмыж;Кировская область;Приволжский;56,524461;50,678232
Малоархангельск;Орловская область;Центральный;52,400974;36,502107
Малоярославец;Калужская область;Центральный;55,011897;36,462555
Мамадыш;Татарстан;Приволжский;55,717771;51,410224
Мамоново;Калининградская область;Северо-Западный;54,463785;19,942267
Мантурово;Костромская область;Центральный;58,328617;44,757292
Мариинск;Кемеровская область;Сибирский;56,206952;87,742263
МариинскийПосад;Чувашия;Приволжский;56,206952;87,742263
Маркс;Саратовская область;Приволжский;51,713333;46,740009
Махачкала;Дагестан;Северо-Кавказский;42,98306;47,504682
Мглин;Брянская область;Центральный;53,061069;32,847806
Мегион;Ханты-Мансийский АО — Югра;Уральский;61,03289;76,102612
Медвежьегорск;Карелия;Северо-Западный;62,914998;34,473101
Медногорск;Оренбургская область;Приволжский;51,403794;57,58324
Медынь;Калужская область;Центральный;54,968784;35,857701
Межгорье;Башкортостан;Приволжский;54,239989;57,961225
Междуреченск;Кемеровская область;Сибирский;53,686596;88,070372
Мезень;Архангельская область;Северо-Западный;65,839904;44,25314
Меленки;Владимирская область;Центральный;55,338715;41,63403
Мелеуз;Башкортостан;Приволжский;52,958964;55,92831
Менделеевск;Татарстан;Приволжский;55,895186;52,314397
Мензелинск;Татарстан;Приволжский;55,719972;53,101429
Мещовск;Калужская область;Центральный;54,321476;35,278081
Миасс;Челябинская область;Уральский;55,045635;60,107731
Микунь;Коми;Северо-Западный;62,358008;50,071986
Миллерово;Ростовская область;Южный;48,92173;40,394849
МинеральныеВоды;Ставропольский край;Северо-Кавказский;48,92173;40,394849
Минусинск;Красноярский край;Сибирский;53,710564;91,687268
Миньяр;Челябинская область;Уральский;55,070912;57,548458
Мирный;Якутия;Дальневосточный;62,541028;113,978692
Мирный;Архангельская область;Северо-Западный;62,541028;113,978692
Михайлов;Рязанская область;Центральный;54,232506;39,023508
Михайловка;Волгоградская область;Южный;50,070847;43,239723
Михайловск;Свердловская область;Уральский;45,129667;42,028803
Михайловск;Ставропольский край;Северо-Кавказский;45,129667;42,028803
Мичуринск;Тамбовская область;Центральный;52,893913;40,498011
Могоча;Забайкальский край;Сибирский;53,736206;119,76608
Можайск;Московская область;Центральный;55,506714;36,017358
Можга;Удмуртия;Приволжский;56,442802;52,213839
Моздок;Северная Осетия — Алания;Северо-Кавказский;43,735413;44,653878
Мончегорск;Мурманская область;Северо-Западный;67,938931;32,937116
Морозовск;Ростовская область;Южный;48,351157;41,830878
Моршанск;Тамбовская область;Центральный;53,443611;41,811627
Мосальск;Калужская область;Центральный;54,491307;34,984197
Москва;Москва;Центральный;55,753215;37,622504
Муравленко;Ямало-Ненецкий АО;Уральский;63,795285;74,494448
Мураши;Кировская область;Приволжский;59,3956;48,963851
Мурманск;Мурманская область;Северо-Западный;68,970682;33,074981
Муром;Владимирская область;Центральный;55,579169;42,052411
Мценск;Орловская область;Центральный;53,278939;36,575006
Мыски;Кемеровская область;Сибирский;53,712509;87,805747
Мытищи;Московская область;Центральный;55,910483;37,736402
Мышкин;Ярославская область;Центральный;57,787134;38,455332
НабережныеЧелны;Татарстан;Приволжский;57,787134;38,455332
Навашино;Нижегородская область;Приволжский;55,543888;42,18874
Наволоки;Ивановская область;Центральный;57,470588;41,957765
Надым;Ямало-Ненецкий АО;Уральский;65,535924;72,531341
Назарово;Красноярский край;Сибирский;56,012345;90,417688
Назрань;Ингушетия;Северо-Кавказский;43,225727;44,764641
Называевск;Омская область;Сибирский;55,567066;71,348718
Нальчик;Кабардино-Балкария;Северо-Кавказский;43,485259;43,607072
Нариманов;Астраханская область;Южный;46,690301;47,853623
Наро-Фоминск;Московская область;Центральный;55,38616;36,734493
Нарткала;Кабардино-Балкария;Северо-Кавказский;43,556734;43,862022
Нарьян-Мар;Ненецкий АО;Северо-Западный;67,63805;53,006926
Находка;Приморский край;Дальневосточный;42,824037;132,892811
Невель;Псковская область;Северо-Западный;56,02022;29,923969
Невельск;Сахалинская область;Дальневосточный;46,652828;141,863126
Невинномысск;Ставропольский край;Северо-Кавказский;44,638287;41,936061
Невьянск;Свердловская область;Уральский;57,491225;60,218251
Нелидово;Тверская область;Центральный;56,223296;32,776587
Неман;Калининградская область;Северо-Западный;55,038836;22,028146
Нерехта;Костромская область;Центральный;57,454414;40,572446
Нерчинск;Забайкальский край;Сибирский;51,95948;116,585415
Нерюнгри;Якутия;Дальневосточный;56,659948;124,720315
Нестеров;Калининградская область;Северо-Западный;54,631368;22,571357
Нефтегорск;Самарская область;Приволжский;52,797221;51,163799
Нефтекамск;Башкортостан;Приволжский;56,088408;54,248236
Нефтекумск;Ставропольский край;Северо-Кавказский;44,750586;44,994088
Нефтеюганск;Ханты-Мансийский АО — Югра;Уральский;61,088212;72,616331
Нея;Костромская область;Центральный;58,294389;43,878192
Нижневартовск;Ханты-Мансийский АО — Югра;Уральский;60,939716;76,569628
Нижнекамск;Татарстан;Приволжский;55,63407;51,809112
Нижнеудинск;Иркутская область;Сибирский;54,901233;99,026387
НижниеСерги;Свердловская область;Уральский;54,901233;99,026387
НижнийЛомов;Пензенская область;Приволжский;54,901233;99,026387
НижнийНовгород;Нижегородская область;Приволжский;54,901233;99,026387
НижнийТагил;Свердловская область;Уральский;54,901233;99,026387
НижняяСалда;Свердловская область;Уральский;54,901233;99,026387
НижняяТура;Свердловская область;Уральский;54,901233;99,026387
Николаевск;Волгоградская область;Южный;50,025878;45,45911
Николаевск-на-Амуре;Хабаровский край;Дальневосточный;53,146143;140,711046
Никольск;Вологодская область;Северо-Западный;53,71447;46,084356
Никольск;Пензенская область;Приволжский;53,71447;46,084356
Никольское;Ленинградская область;Северо-Западный;59,704642;30,788966
НоваяЛадога;Ленинградская область;Северо-Западный;59,704642;30,788966
НоваяЛяля;Свердловская область;Уральский;59,704642;30,788966
Новоалександровск;Ставропольский край;Северо-Кавказский;45,493304;41,215388
Новоалтайск;Алтайский край;Сибирский;53,412021;83,93107
Новоаннинский;Волгоградская область;Южный;50,529658;42,66667
Нововоронеж;Воронежская область;Центральный;51,309213;39,216277
Новодвинск;Архангельская область;Северо-Западный;64,413683;40,820821
Новозыбков;Брянская область;Центральный;52,536717;31,933222
Новокубанск;Краснодарский край;Южный;45,103812;41,047493
Новокузнецк;Кемеровская область;Сибирский;53,757547;87,136044
Новокуйбышевск;Самарская область;Приволжский;53,099469;49,947767
Новомичуринск;Рязанская область;Центральный;54,034574;39,750865
Новомосковск;Тульская область;Центральный;54,010993;38,290896
Новопавловск;Ставропольский край;Северо-Кавказский;43,957369;43,631901
Новоржев;Псковская область;Северо-Западный;57,029623;29,332419
Новороссийск;Краснодарский край;Южный;44,723912;37,768974
Новосибирск;Новосибирская область;Сибирский;55,030199;82,92043
Новосиль;Орловская область;Центральный;52,974633;37,043756
Новосокольники;Псковская область;Северо-Западный;56,340749;30,152761
Новотроицк;Оренбургская область;Приволжский;51,196417;58,301767
Новоузенск;Саратовская область;Приволжский;50,466326;48,132119
Новоульяновск;Ульяновская область;Приволжский;54,151718;48,384824
Новоуральск;Свердловская область;Уральский;57,247235;60,095604
Новохопёрск;Воронежская область;Центральный;51,100286;41,631452
Новочебоксарск;Чувашия;Приволжский;56,109551;47,479125
Новочеркасск;Ростовская область;Южный;47,422052;40,093725
Новошахтинск;Ростовская область;Южный;47,757738;39,93643
НовыйОскол;Белгородская область;Центральный;47,757738;39,93643
НовыйУренгой;Ямало-Ненецкий АО;Уральский;47,757738;39,93643
Ногинск;Московская область;Центральный;55,854522;38,441831
Нолинск;Кировская область;Приволжский;57,559708;49,935712
Норильск;Красноярский край;Сибирский;69,349033;88,201176
Ноябрьск;Ямало-Ненецкий АО;Уральский;63,201801;75,450938
Нурлат;Татарстан;Приволжский;54,428117;50,804958
Нытва;Пермский край;Приволжский;57,939127;55,328622
Нюрба;Якутия;Дальневосточный;63,278463;118,336617
Нягань;Ханты-Мансийский АО — Югра;Уральский;62,145759;65,433654
Нязепетровск;Челябинская область;Уральский;56,053673;59,609678
Няндома;Архангельская область;Северо-Западный;61,669822;40,204388
Облучье;Еврейская АО;Дальневосточный;49,018898;131,053914
Обнинск;Калужская область;Центральный;55,11201;36,586531
Обоянь;Курская область;Центральный;51,20995;36,26744
Обь;Новосибирская область;Сибирский;54,994594;82,693758
Одинцово;Московская область;Центральный;55,678859;37,263986
Озёрск;Калининградская область;Северо-Западный;55,763184;60,707599
Озёрск;Челябинская область;Уральский;55,763184;60,707599
Озёры;Московская область;Центральный;54,854087;38,559824
Октябрьск;Самарская область;Приволжский;53,164038;48,670668
Октябрьский;Башкортостан;Приволжский;54,481448;53,46557
Окуловка;Новгородская область;Северо-Западный;58,377145;33,298679
Олёкминск;Якутия;Дальневосточный;60,375796;120,406013
Оленегорск;Мурманская область;Северо-Западный;68,142161;33,26696
Олонец;Карелия;Северо-Западный;60,979719;32,972034
Омск;Омская область;Сибирский;54,989342;73,368212
Омутнинск;Кировская область;Приволжский;58,66406;52,177152
Онега;Архангельская область;Северо-Западный;63,914485;38,086646
Опочка;Псковская область;Северо-Западный;56,714151;28,658881
Орёл;Орловская область;Центральный;52,970371;36,063837
Оренбург;Оренбургская область;Приволжский;51,768199;55,096955
Орехово-Зуево;Московская область;Центральный;55,805837;38,981592
Орск;Оренбургская область;Приволжский;51,229362;58,475196
Оса;Пермский край;Приволжский;57,279672;55,468723
Осинники;Кемеровская область;Сибирский;53,598748;87,337069
Осташков;Тверская область;Центральный;57,142872;33,115441
Остров;Псковская область;Северо-Западный;57,345188;28,343806
Островной;Мурманская область;Северо-Западный;68,05439;39,514105
Острогожск;Воронежская область;Центральный;50,860139;39,082365
Отрадное;Ленинградская область;Северо-Западный;51,666104;39,33658
Отрадный;Самарская область;Приволжский;51,691727;39,21793
Оха;Сахалинская область;Дальневосточный;53,584521;142,947186
Оханск;Пермский край;Приволжский;57,72193;55,388656
Очёр;Пермский край;Приволжский;57,886894;54,715602
Павлово;Нижегородская область;Приволжский;55,964629;43,06457
Павловск;Воронежская область;Центральный;59,686411;30,431598
ПавловскийПосад;Московская область;Центральный;59,686411;30,431598
Палласовка;Волгоградская область;Южный;50,050167;46,880398
Партизанск;Приморский край;Дальневосточный;43,119813;133,123246
Певек;Чукотский АО;Дальневосточный;69,701761;170,299935
Пенза;Пензенская область;Приволжский;53,195063;45,018316
Первомайск;Нижегородская область;Приволжский;54,867632;43,801377
Первоуральск;Свердловская область;Уральский;56,905839;59,943249
Перевоз;Нижегородская область;Приволжский;55,596849;44,544931
Переславль-Залесский;Ярославская область;Центральный;56,736093;38,85431
Пермь;Пермский край;Приволжский;58,010374;56,229398
Пестово;Новгородская область;Северо-Западный;58,599071;35,798098
ПетровВал;Волгоградская область;Южный;58,599071;35,798098
Петровск;Саратовская область;Приволжский;52,314023;45,389931
Петровск-Забайкальский;Забайкальский край;Сибирский;51,274889;108,846689
Петрозаводск;Карелия;Северо-Западный;61,785017;34,346878
Петропавловск-Камчатский;Камчатский край;Дальневосточный;53,024075;158,643566
Петухово;Курганская область;Уральский;55,065035;67,887375
Петушки;Владимирская область;Центральный;55,930967;39,4599
Печора;Коми;Северо-Западный;65,148602;57,223977
Печоры;Псковская область;Северо-Западный;57,813934;27,609064
Пикалёво;Ленинградская область;Северо-Западный;59,513113;34,177303
Пионерский;Калининградская область;Северо-Западный;54,949482;20,224841
Питкяранта;Карелия;Северо-Западный;61,573083;31,471254
Плавск;Тульская область;Центральный;53,706843;37,291987
Плёс;Ивановская область;Центральный;57,460578;41,512254
Поворино;Воронежская область;Центральный;51,190773;42,245576
Подольск;Московская область;Центральный;55,431177;37,544737
Подпорожье;Ленинградская область;Северо-Западный;60,912784;34,156813
Покачи;Ханты-Мансийский АО — Югра;Уральский;61,742253;75,59412
Покров;Владимирская область;Центральный;55,916633;39,173374
Покровск;Якутия;Дальневосточный;61,48424;129,148219
Полевской;Свердловская область;Уральский;56,446499;60,177072
Полесск;Калининградская область;Северо-Западный;54,862777;21,109879
Полысаево;Кемеровская область;Сибирский;54,605443;86,280901
ПолярныеЗори;Мурманская область;Северо-Западный;54,605443;86,280901
Полярный;Мурманская область;Северо-Западный;69,198909;33,451033
Поронайск;Сахалинская область;Дальневосточный;49,22038;143,08956
Порхов;Псковская область;Северо-Западный;57,764855;29,553145
Похвистнево;Самарская область;Приволжский;53,653282;52,122346
Почеп;Брянская область;Центральный;52,92913;33,454267
Починок;Смоленская область;Центральный;54,406265;32,439782
Пошехонье;Ярославская область;Центральный;58,503749;39,12005
Правдинск;Калининградская область;Северо-Западный;54,44634;21,018817
Приволжск;Ивановская область;Центральный;57,380662;41,28083
Приморск;Калининградская область;Северо-Западный;60,366014;28,613552
Приморск;Ленинградская область;Северо-Западный;60,366014;28,613552
Приморско-Ахтарск;Краснодарский край;Южный;46,043502;38,177645
Приозерск;Ленинградская область;Северо-Западный;61,036554;30,119838
Прокопьевск;Кемеровская область;Сибирский;53,884487;86,750055
Пролетарск;Ростовская область;Южный;46,703849;41,727544
Протвино;Московская область;Центральный;54,870621;37,218316
Прохладный;Кабардино-Балкария;Северо-Кавказский;43,758962;44,010083
Псков;Псковская область;Северо-Западный;57,81925;28,332065
Пугачёв;Саратовская область;Приволжский;52,014871;48,795588
Пудож;Карелия;Северо-Западный;61,80589;36,533
Пустошка;Псковская область;Северо-Западный;56,337526;29,36678
Пучеж;Ивановская область;Центральный;56,982087;43,168406
Пушкино;Московская область;Центральный;56,010428;37,847155
Пущино;Московская область;Центральный;54,832479;37,620977
Пыталово;Псковская область;Северо-Западный;57,063925;27,92396
Пыть-Ях;Ханты-Мансийский АО — Югра;Уральский;60,758589;72,836526
Пятигорск;Ставропольский край;Северо-Кавказский;44,03929;43,07084
Радужный;Владимирская область;Центральный;62,134265;77,458439
Радужный;Ханты-Мансийский АО — Югра;Уральский;62,134265;77,458439
Райчихинск;Амурская область;Дальневосточный;49,794114;129,411255
Раменское;Московская область;Центральный;55,567326;38,22584
Рассказово;Тамбовская область;Центральный;52,653842;41,874302
Ревда;Свердловская область;Уральский;56,800079;59,908718
Реж;Свердловская область;Уральский;57,373772;61,391639
Реутов;Московская область;Центральный;55,760515;37,855141
Ржев;Тверская область;Центральный;56,262877;34,329065
Родники;Ивановская область;Центральный;57,107152;41,733366
Рославль;Смоленская область;Центральный;53,947309;32,85678
Россошь;Воронежская область;Центральный;50,192899;39,57652
Ростов-на-Дону;Ростовская область;Южный;47,222078;39,720349
Ростов;Ярославская область;Центральный;47,222078;39,720349
Рошаль;Московская область;Центральный;55,663283;39,862759
Ртищево;Саратовская область;Приволжский;52,257455;43,785657
Рубцовск;Алтайский край;Сибирский;51,501207;81,2078
Рудня;Смоленская область;Центральный;54,947031;31,093576
Руза;Московская область;Центральный;55,701516;36,195997
Рузаевка;Мордовия;Приволжский;54,058268;44,94911
Рыбинск;Ярославская область;Центральный;58,048454;38,858406
Рыбное;Рязанская область;Центральный;54,730806;39,505463
Рыльск;Курская область;Центральный;51,571431;34,683288
Ряжск;Рязанская область;Центральный;53,708949;40,062894
Рязань;Рязанская область;Центральный;54,629216;39,736375
Салават;Башкортостан;Приволжский;53,361651;55,924672
Салаир;Кемеровская область;Сибирский;54,235127;85,803007
Салехард;Ямало-Ненецкий АО;Уральский;66,529844;66,614399
Сальск;Ростовская область;Южный;46,475177;41,541135
Самара;Самарская область;Приволжский;53,195538;50,101783
Санкт-Петербург;Санкт-Петербург;Северо-Западный;59,939095;30,315868
Саранск;Мордовия;Приволжский;54,187433;45,183938
Сарапул;Удмуртия;Приволжский;56,461621;53,803678
Саратов;Саратовская область;Приволжский;51,533103;46,034158
Саров;Нижегородская область;Приволжский;54,922788;43,344844
Сасово;Рязанская область;Центральный;54,349928;41,924087
Сатка;Челябинская область;Уральский;55,040492;59,028881
Сафоново;Смоленская область;Центральный;55,106304;33,237917
Саяногорск;Хакасия;Сибирский;53,100762;91,412195
Саянск;Иркутская область;Сибирский;53,139472;91,4792
Светлогорск;Калининградская область;Северо-Западный;54,944006;20,151512
Светлоград;Ставропольский край;Северо-Кавказский;45,328573;42,856628
Светлый;Калининградская область;Северо-Западный;54,67737;20,135719
Светогорск;Ленинградская область;Северо-Западный;61,111193;28,87268
Свирск;Иркутская область;Сибирский;53,066567;103,342244
Свободный;Амурская область;Дальневосточный;51,375889;128,134147
Себеж;Псковская область;Северо-Западный;56,277398;28,484814
Северо-Курильск;Сахалинская область;Дальневосточный;50,676327;156,124106
Северобайкальск;Бурятия;Сибирский;55,635996;109,335597
Северодвинск;Архангельская область;Северо-Западный;64,562501;39,818175
Североморск;Мурманская область;Северо-Западный;69,076153;33,416215
Североуральск;Свердловская область;Уральский;60,153281;59,952556
Северск;Томская область;Сибирский;56,603185;84,880913
Севск;Брянская область;Центральный;52,156089;34,495091
Сегежа;Карелия;Северо-Западный;63,743701;34,312617
Сельцо;Брянская область;Центральный;53,373933;34,105932
Семёнов;Нижегородская область;Приволжский;56,789012;44,490331
Семикаракорск;Ростовская область;Южный;47,517792;40,811505
Семилуки;Воронежская область;Центральный;51,695255;39,018953
Сенгилей;Ульяновская область;Приволжский;53,96207;48,790584
Серафимович;Волгоградская область;Южный;49,584135;42,734008
Сергач;Нижегородская область;Приволжский;55,520105;45,481361
СергиевПосад;Московская область;Центральный;55,520105;45,481361
Сердобск;Пензенская область;Приволжский;52,455683;44,202735
Серпухов;Московская область;Центральный;54,913536;37,416763
Сертолово;Ленинградская область;Северо-Западный;60,141613;30,211879
Сибай;Башкортостан;Приволжский;52,72051;58,666429
Сим;Челябинская область;Уральский;54,990716;57,689969
Сковородино;Амурская область;Дальневосточный;53,987177;123,943632
Скопин;Рязанская область;Центральный;53,82359;39,549328
Славгород;Алтайский край;Сибирский;52,999375;78,64594
Славск;Калининградская область;Северо-Западный;55,043819;21,680067
Славянск-на-Кубани;Краснодарский край;Южный;45,260439;38,126001
Сланцы;Ленинградская область;Северо-Западный;59,11779;28,088136
Слободской;Кировская область;Приволжский;58,731886;50,183674
Слюдянка;Иркутская область;Сибирский;51,656501;103,718845
Смоленск;Смоленская область;Центральный;54,782635;32,045251
Снежинск;Челябинская область;Уральский;56,085209;60,732536
Снежногорск;Мурманская область;Северо-Западный;69,192168;33,238303
Собинка;Владимирская область;Центральный;55,993837;40,017943
Советск;Калининградская область;Северо-Западный;57,587599;48,959521
Советск;Кировская область;Приволжский;57,587599;48,959521
Советск;Тульская область;Центральный;57,587599;48,959521
СоветскаяГавань;Хабаровский край;Дальневосточный;57,587599;48,959521
Сокол;Вологодская область;Северо-Западный;59,460968;40,099977
Солигалич;Костромская область;Центральный;59,07858;42,287815
Соликамск;Пермский край;Приволжский;59,648333;56,771029
Солнечногорск;Московская область;Центральный;56,185102;36,977631
Соль-Илецк;Оренбургская область;Приволжский;51,16185;54,980336
Сольвычегодск;Архангельская область;Северо-Западный;61,330589;46,928089
Сольцы;Новгородская область;Северо-Западный;58,120168;30,309355
Сорочинск;Оренбургская область;Приволжский;52,429092;53,151016
Сорск;Хакасия;Сибирский;54,002606;90,253323
Сортавала;Карелия;Северо-Западный;61,703306;30,691723
Сосенский;Калужская область;Центральный;54,059489;35,966038
Сосновка;Кировская область;Приволжский;56,253352;51,283364
Сосновоборск;Красноярский край;Сибирский;56,120211;93,335434
СосновыйБор;Ленинградская область;Северо-Западный;56,120211;93,335434
Сосногорск;Коми;Северо-Западный;63,59911;53,876441
Сочи;Краснодарский край;Южный;43,585525;39,723062
Спас-Деменск;Калужская область;Центральный;54,409834;34,018948
Спас-Клепики;Рязанская область;Центральный;55,131038;40,175786
Спасск;Пензенская область;Приволжский;53,926494;43,187729
Спасск-Дальний;Приморский край;Дальневосточный;44,597641;132,817559
Спасск-Рязанский;Рязанская область;Центральный;54,407072;40,376424
Среднеколымск;Якутия;Дальневосточный;67,458183;153,707009
Среднеуральск;Свердловская область;Уральский;56,991837;60,477136
Сретенск;Забайкальский край;Сибирский;52,246252;117,71192
Ставрополь;Ставропольский край;Северо-Кавказский;45,044521;41,969083
СтараяКупавна;Московская область;Центральный;45,044521;41,969083
СтараяРусса;Новгородская область;Северо-Западный;45,044521;41,969083
Старица;Тверская область;Центральный;56,514927;34,933586
Стародуб;Брянская область;Центральный;52,585277;32,760346
СтарыйКрымОспаривается;Крым;Южный;52,585277;32,760346
СтарыйОскол;Белгородская область;Центральный;52,585277;32,760346
Стерлитамак;Башкортостан;Приволжский;53,630403;55,930825
Стрежевой;Томская область;Сибирский;60,732862;77,604002
Струнино;Владимирская область;Центральный;56,37493;38,584079
Ступино;Московская область;Центральный;54,88688;38,07839
Суворов;Тульская область;Центральный;54,122083;36,490339
Суджа;Курская область;Центральный;51,190953;35,268918
Судогда;Владимирская область;Центральный;55,949879;40,856295
Суздаль;Владимирская область;Центральный;56,419836;40,449457
Сунжа;Ингушетия;Северо-Кавказский;43,320353;45,047682
Суоярви;Карелия;Северо-Западный;62,087896;32,373738
Сураж;Брянская область;Центральный;53,013891;32,393043
Сургут;Ханты-Мансийский АО — Югра;Уральский;61,254035;73,396221
Суровикино;Волгоградская область;Южный;48,605493;42,844195
Сурск;Пензенская область;Приволжский;53,07604;45,6911
Сусуман;Магаданская область;Дальневосточный;62,780464;148,153687
Сухиничи;Калужская область;Центральный;54,101752;35,339319
СухойЛог;Свердловская область;Уральский;54,101752;35,339319
Сызрань;Самарская область;Приволжский;53,155782;48,474485
Сыктывкар;Коми;Северо-Западный;61,668793;50,836399
Сысерть;Свердловская область;Уральский;56,502281;60,810025
Сычёвка;Смоленская область;Центральный;55,83161;34,277834
Сясьстрой;Ленинградская область;Северо-Западный;60,141954;32,556743
Тавда;Свердловская область;Уральский;58,041871;65,272595
Таганрог;Ростовская область;Южный;47,220983;38,9173
Тайга;Кемеровская область;Сибирский;56,065138;85,631024
Тайшет;Иркутская область;Сибирский;55,940502;98,002982
Талдом;Московская область;Центральный;56,73084;37,527633
Талица;Свердловская область;Уральский;56,595192;37,661689
Тамбов;Тамбовская область;Центральный;52,721219;41,452274
Тарко-Сале;Ямало-Ненецкий АО;Уральский;64,911819;77,761055
Таруса;Калужская область;Центральный;54,729122;37,17959
Татарск;Новосибирская область;Сибирский;55,214532;75,97409
Таштагол;Кемеровская область;Сибирский;52,763912;87,848309
Тверь;Тверская область;Центральный;56,859611;35,911896
Теберда;Карачаево-Черкесия;Северо-Кавказский;43,443841;41,741423
Тейково;Ивановская область;Центральный;56,85436;40,535471
Темников;Мордовия;Приволжский;54,630967;43,216089
Темрюк;Краснодарский край;Южный;45,27841;37,370194
Терек;Кабардино-Балкария;Северо-Кавказский;43,483865;44,140267
Тетюши;Татарстан;Приволжский;54,936931;48,830074
Тимашёвск;Краснодарский край;Южный;45,61478;38,934332
Тихвин;Ленинградская область;Северо-Западный;59,644209;33,542096
Тихорецк;Краснодарский край;Южный;45,85468;40,125929
Тобольск;Тюменская область;Уральский;58,201698;68,253762
Тогучин;Новосибирская область;Сибирский;55,238013;84,402865
Тольятти;Самарская область;Приволжский;53,508816;49,419207
Томари;Сахалинская область;Дальневосточный;47,762214;142,061627
Томмот;Якутия;Дальневосточный;58,958666;126,287579
Томск;Томская область;Сибирский;56,48464;84,947649
Топки;Кемеровская область;Сибирский;55,276508;85,615223
Торжок;Тверская область;Центральный;57,041338;34,96014
Торопец;Тверская область;Центральный;56,501173;31,635466
Тосно;Ленинградская область;Северо-Западный;59,540664;30,877719
Тотьма;Вологодская область;Северо-Западный;59,973487;42,758873
Трёхгорный;Челябинская область;Уральский;54,817842;58,446423
Троицк;Челябинская область;Уральский;54,083217;61,559759
Трубчевск;Брянская область;Центральный;52,579077;33,766073
Туапсе;Краснодарский край;Южный;44,09564;39,073553
Туймазы;Башкортостан;Приволжский;54,599988;53,695008
Тула;Тульская область;Центральный;54,193122;37,617348
Туран;Тыва;Сибирский;52,144916;93,917309
Туринск;Свердловская область;Уральский;58,039442;63,698144
Тутаев;Ярославская область;Центральный;57,8688;39,530759
Тында;Амурская область;Дальневосточный;55,154656;124,729236
Тырныауз;Кабардино-Балкария;Северо-Кавказский;43,398084;42,921423
Тюкалинск;Омская область;Сибирский;55,870506;72,195506
Тюмень;Тюменская область;Уральский;57,153033;65,534328
Уварово;Тамбовская область;Центральный;51,983099;42,261
Углегорск;Сахалинская область;Дальневосточный;49,081575;142,069281
Углич;Ярославская область;Центральный;57,526592;38,319372
Удачный;Якутия;Дальневосточный;66,406995;112,306362
Удомля;Тверская область;Центральный;57,876779;35,00511
Ужур;Красноярский край;Сибирский;55,320155;89,844006
Узловая;Тульская область;Центральный;53,97844;38,160299
Улан-Удэ;Бурятия;Сибирский;51,834464;107,584574
Ульяновск;Ульяновская область;Приволжский;54,314192;48,403123
Унеча;Брянская область;Центральный;52,845115;32,670676
Урай;Ханты-Мансийский АО — Югра;Уральский;60,129632;64,803944
Урень;Нижегородская область;Приволжский;57,463042;45,799527
Уржум;Кировская область;Приволжский;57,109738;50,005717
Урус-Мартан;Чечня;Северо-Кавказский;43,127617;45,540614
Урюпинск;Волгоградская область;Южный;50,794522;41,995844
Усинск;Коми;Северо-Западный;65,994144;57,55701
Усмань;Липецкая область;Центральный;52,043386;39,736069
Усолье-Сибирское;Иркутская область;Сибирский;52,756648;103,638769
Усолье;Пермский край;Приволжский;52,756648;103,638769
Уссурийск;Приморский край;Дальневосточный;43,797273;131,95178
Усть-Джегута;Карачаево-Черкесия;Северо-Кавказский;44,083895;41,971042
Усть-Илимск;Иркутская область;Сибирский;54,55712;100,578038
Усть-Катав;Челябинская область;Уральский;54,930289;58,1747
Усть-Кут;Иркутская область;Сибирский;56,792838;105,775699
Усть-Лабинск;Краснодарский край;Южный;45,213625;39,691234
Устюжна;Вологодская область;Северо-Западный;58,838391;36,442414
Уфа;Башкортостан;Приволжский;54,735147;55,958727
Ухта;Коми;Северо-Западный;63,562626;53,684022
Учалы;Башкортостан;Приволжский;54,319176;59,378631
Уяр;Красноярский край;Сибирский;55,813172;94,328297
Фатеж;Курская область;Центральный;52,091789;35,853892
Фокино;Брянская область;Центральный;53,455436;34,415923
Фокино;Приморский край;Дальневосточный;53,455436;34,415923
Фролово;Волгоградская область;Южный;49,765861;43,649292
Фрязино;Московская область;Центральный;55,957938;38,052339
Фурманов;Ивановская область;Центральный;57,252601;41,106189
Хабаровск;Хабаровский край;Дальневосточный;48,480223;135,071917
Хадыженск;Краснодарский край;Южный;44,422804;39,537326
Ханты-Мансийск;Ханты-Мансийский АО — Югра;Уральский;61,00318;69,018902
Харабали;Астраханская область;Южный;47,409315;47,252058
Харовск;Вологодская область;Северо-Западный;59,95074;40,20631
Хасавюрт;Дагестан;Северо-Кавказский;43,246265;46,590044
Хвалынск;Саратовская область;Приволжский;52,495501;48,105772
Хилок;Забайкальский край;Сибирский;51,363401;110,459012
Химки;Московская область;Центральный;55,88874;37,43039
Холм;Новгородская область;Северо-Западный;57,145202;31,178781
Холмск;Сахалинская область;Дальневосточный;47,040905;142,041622
Хотьково;Московская область;Центральный;56,252182;37,978677
Цивильск;Чувашия;Приволжский;55,86501;47,47298
Цимлянск;Ростовская область;Южный;47,647714;42,09306
Чадан;Тыва;Сибирский;51,284472;91,578913
Чайковский;Пермский край;Приволжский;56,778061;54,147759
Чапаевск;Самарская область;Приволжский;52,981709;49,710217
Чаплыгин;Липецкая область;Центральный;53,240555;39,96699
Чебаркуль;Челябинская область;Уральский;54,977785;60,37012
Чебоксары;Чувашия;Приволжский;56,146277;47,251079
Чегем;Кабардино-Балкария;Северо-Кавказский;43,567114;43,586626
Чекалин;Тульская область;Центральный;54,098505;36,247372
Челябинск;Челябинская область;Уральский;55,159897;61,402554
Чердынь;Пермский край;Приволжский;60,402836;56,479543
Черемхово;Иркутская область;Сибирский;53,136911;103,090096
Черепаново;Новосибирская область;Сибирский;54,228417;83,372201
Череповец;Вологодская область;Северо-Западный;59,122612;37,903461
Черкесск;Карачаево-Черкесия;Северо-Кавказский;44,226863;42,04677
Чёрмоз;Пермский край;Приволжский;58,784335;56,150796
Черноголовка;Московская область;Центральный;56,010005;38,379245
Черногорск;Хакасия;Сибирский;53,827013;91,306005
Чернушка;Пермский край;Приволжский;56,51601;56,076361
Черняховск;Калининградская область;Северо-Западный;54,630706;21,819503
Чехов;Московская область;Центральный;55,149851;37,466997
Чистополь;Татарстан;Приволжский;55,372334;50,643575
Чита;Забайкальский край;Сибирский;52,033973;113,499432
Чкаловск;Нижегородская область;Приволжский;56,766253;43,251105
Чудово;Новгородская область;Северо-Западный;59,12119;31,670285
Чулым;Новосибирская область;Сибирский;55,091258;80,963288
Чусовой;Пермский край;Приволжский;58,297548;57,819318
Чухлома;Костромская область;Центральный;58,753399;42,688526
Шагонар;Тыва;Сибирский;51,534705;92,919972
Шадринск;Курганская область;Уральский;56,087042;63,629747
Шали;Чечня;Северо-Кавказский;43,1488;45,900991
Шарыпово;Красноярский край;Сибирский;55,539064;89,180151
Шарья;Костромская область;Центральный;58,369849;45,518264
Шахты;Ростовская область;Южный;47,709601;40,215797
Шахунья;Нижегородская область;Приволжский;57,676379;46,612915
Шацк;Рязанская область;Центральный;51,496839;23,930185
Шебекино;Белгородская область;Центральный;50,400498;36,887916
Шелехов;Иркутская область;Сибирский;52,210209;104,097395
Шенкурск;Архангельская область;Северо-Западный;62,10565;42,899612
Шимановск;Амурская область;Дальневосточный;51,85262;116,032735
Шиханы;Саратовская область;Приволжский;52,114774;47,202327
Шлиссельбург;Ленинградская область;Северо-Западный;59,934943;31,026597
Шумерля;Чувашия;Приволжский;55,497934;46,417846
Шумиха;Курганская область;Уральский;55,228726;63,28571
Шуя;Ивановская область;Центральный;56,852037;41,385556
Щёкино;Тульская область;Центральный;54,002146;37,517626
ЩёлкиноОспаривается;Крым;Южный;45,428886;35,825065
Щёлково;Московская область;Центральный;55,920209;37,991478
Щигры;Курская область;Центральный;51,87619;36,912
Щучье;Курганская область;Уральский;55,208831;62,747853
Электрогорск;Московская область;Центральный;55,883161;38,786209
Электросталь;Московская область;Центральный;55,784445;38,444849
Электроугли;Московская область;Центральный;55,716859;38,219659
Элиста;Калмыкия;Южный;46,307743;44,269759
Энгельс;Саратовская область;Приволжский;51,485489;46,126783
Эртиль;Воронежская область;Центральный;51,835727;40,799243
Югорск;Ханты-Мансийский АО — Югра;Уральский;61,314917;63,331964
Южа;Ивановская область;Центральный;56,583698;42,011843
Южно-Сахалинск;Сахалинская область;Дальневосточный;46,959155;142,738023
Южно-Сухокумск;Дагестан;Северо-Кавказский;44,660166;45,649966
Южноуральск;Челябинская область;Уральский;54,442455;61,268229
Юрга;Кемеровская область;Сибирский;55,713557;84,933869
Юрьев-Польский;Владимирская область;Центральный;56,49925;39,680814
Юрьевец;Ивановская область;Центральный;57,317815;43,110995
Юрюзань;Челябинская область;Уральский;54,854646;58,422662
Юхнов;Калужская область;Центральный;54,744201;35,238878
Ядрин;Чувашия;Приволжский;55,940689;46,202107
Якутск;Якутия;Дальневосточный;62,028103;129,732663
Ялуторовск;Тюменская область;Уральский;56,654689;66,312206
Янаул;Башкортостан;Приволжский;56,264957;54,929824
Яранск;Кировская область;Приволжский;57,304228;47,885855
Яровое;Алтайский край;Сибирский;52,923446;78,569601
Ярославль;Ярославская область;Центральный;57,626569;39,893787
Ярцево;Смоленская область;Центральный;57,535951;40,006121
Ясногорск;Тульская область;Центральный;54,479555;37,689689
Ясный;Оренбургская область;Приволжский;51,036877;59,874349
Яхрома;Московская область;;56,28989;37,483858
